id,names,fatherSurname,dni,email,birth
1,Lucius,Mullen,12345678,consectetuer.rhoncus@random.pe,1995-7-8
2,Henry,Kirkland,12345679,turpis.vitae@random.pe,1999-10-23
3,Macon,Hahn,12345680,arcu@random.pe,1993-6-14
4,Gary,Cantrell,12345681,praesent.interdum@random.pe,2003-3-12
5,Sylvester,Knight,12345682,elit.erat@random.pe,1997-4-2
6,Ashton,Hancock,12345683,arcu.iaculis@random.pe,1998-5-7
7,Avram,Christensen,12345684,morbi.tristique.senectus@random.pe,2002-12-20
8,Ian,Stout,12345685,adipiscing.enim@random.pe,2004-4-23
9,Evan,Reeves,12345686,tellus@random.pe,1991-2-4
10,Georgia,Decker,12345687,tempor@random.pe,1995-9-19
11,Aline,Thornton,12345688,vitae.orci@random.pe,1997-5-3
12,Mollie,Holder,12345689,porttitor@random.pe,1997-6-30
13,Rina,Glover,12345690,maecenas.libero.est@random.pe,2004-8-29
14,Malcolm,Mccarty,12345691,nibh.phasellus@random.pe,2005-1-26
15,Judah,Kemp,12345692,cubilia.curae@random.pe,2004-3-1
16,Remedios,Gordon,12345693,nam@random.pe,1995-6-25
17,Charlotte,Cooke,12345694,phasellus.elit@random.pe,2003-6-19
18,Channing,Joyce,12345695,diam.eu@random.pe,2000-6-28
19,Jared,Pearson,12345696,tincidunt.donec.vitae@random.pe,2001-10-20
20,Aurora,Maldonado,12345697,ut.sagittis.lobortis@random.pe,2003-3-9
21,Talon,Leon,12345698,nec@random.pe,1993-9-12
22,Fitzgerald,Sampson,12345699,scelerisque.scelerisque.dui@random.pe,2005-9-19
23,Kirk,Hayden,12345700,suspendisse.sagittis.nullam@random.pe,1995-8-8
24,Timothy,Vaughn,12345701,magna.a@random.pe,2001-12-15
25,Cameron,Baker,12345702,mi.eleifend.egestas@random.pe,2002-2-4
26,Veda,Gordon,12345703,sed@random.pe,1998-4-7
27,Wyoming,Kent,12345704,arcu.morbi@random.pe,1996-5-1
28,Madonna,Benton,12345705,proin.velit.sed@random.pe,1999-7-28
29,Montana,Grant,12345706,hendrerit.donec@random.pe,2003-6-9
30,Alice,Wood,12345707,metus.facilisis.lorem@random.pe,1996-11-22
31,Drake,Landry,12345708,mi.fringilla@random.pe,2001-1-26
32,Nell,Morales,12345709,phasellus.libero@random.pe,1995-2-24
33,Amaya,Hamilton,12345710,mus.donec.dignissim@random.pe,2004-10-27
34,Cara,Hernandez,12345711,eu@random.pe,1992-5-4
35,Alisa,Perez,12345712,lacus.nulla@random.pe,2001-3-19
36,Chancellor,Hendricks,12345713,ac@random.pe,1995-7-18
37,Sawyer,Becker,12345714,et.nunc@random.pe,1993-1-24
38,Stephen,Berg,12345715,sem.mollis@random.pe,2004-4-13
39,Brody,Olsen,12345716,ligula.elit@random.pe,2000-12-3
40,Hiroko,Cummings,12345717,posuere.enim@random.pe,1994-6-23
41,Cara,Stevenson,12345718,sem.eget@random.pe,1997-9-17
42,Emmanuel,Frank,12345719,lacus.etiam@random.pe,1992-6-30
43,Caleb,Vasquez,12345720,consequat.nec@random.pe,1998-11-26
44,Francis,Dalton,12345721,interdum.libero@random.pe,1991-3-12
45,Nissim,Waters,12345722,ac.mattis@random.pe,1991-3-12
46,Molly,Beck,12345723,metus.sit@random.pe,2002-2-10
47,Karly,Stanton,12345724,ad.litora.torquent@random.pe,2005-7-18
48,Adrienne,Gates,12345725,dictum@random.pe,2003-2-23
49,Leandra,Ortega,12345726,montes.nascetur.ridiculus@random.pe,2005-6-24
50,Scott,Ruiz,12345727,dictum.phasellus.in@random.pe,1994-1-11
51,Nevada,Cantu,12345728,enim.non@random.pe,2000-11-26
52,Nevada,Sullivan,12345729,pellentesque@random.pe,1997-5-22
53,Shaeleigh,Stout,12345730,felis.nulla@random.pe,1999-3-9
54,Jolene,Wallace,12345731,nunc.nulla.vulputate@random.pe,2000-8-7
55,Charles,Sargent,12345732,congue.a@random.pe,1993-5-23
56,Ray,Boyle,12345733,dolor.tempus@random.pe,2002-9-30
57,Kuame,Campos,12345734,odio.etiam@random.pe,1995-1-17
58,Garrison,Franco,12345735,egestas.duis.ac@random.pe,1998-7-3
59,Logan,Cotton,12345736,placerat.eget@random.pe,1998-5-9
60,Maris,Knox,12345737,nunc.laoreet@random.pe,1992-1-4
61,Cassady,Barton,12345738,dui.fusce.aliquam@random.pe,1991-4-13
62,Neve,Alexander,12345739,ac@random.pe,1992-4-23
63,Lunea,Davenport,12345740,placerat@random.pe,2001-12-18
64,Keegan,Compton,12345741,semper.dui.lectus@random.pe,1997-7-20
65,Melyssa,Wong,12345742,cursus.non.egestas@random.pe,1999-5-29
66,Nayda,Santos,12345743,imperdiet.erat@random.pe,2000-8-9
67,Dahlia,Hickman,12345744,magnis@random.pe,1996-12-13
68,Mary,Sargent,12345745,eros.turpis.non@random.pe,1991-3-21
69,Hiroko,Gomez,12345746,morbi.non@random.pe,1996-4-2
70,Xantha,Randall,12345747,molestie.tellus.aenean@random.pe,1995-12-30
71,Jeanette,Montgomery,12345748,imperdiet.erat.nonummy@random.pe,2003-2-8
72,Macy,Crawford,12345749,condimentum.donec.at@random.pe,1995-8-26
73,Jena,Welch,12345750,dui@random.pe,1995-4-24
74,Dean,Chang,12345751,amet.consectetuer@random.pe,1996-11-1
75,Elvis,Olson,12345752,ac.tellus@random.pe,2005-12-22
76,Kellie,Rutledge,12345753,sit@random.pe,1997-2-11
77,Kimberley,Langley,12345754,eget@random.pe,1993-9-12
78,Shaine,Stuart,12345755,sagittis.duis.gravida@random.pe,1998-8-5
79,Flavia,Guthrie,12345756,risus@random.pe,1993-6-9
80,Cecilia,Baxter,12345757,sem.egestas@random.pe,1993-2-14
81,Hedley,Burton,12345758,eleifend.nec@random.pe,2004-2-3
82,Phelan,Roth,12345759,vitae@random.pe,2003-3-17
83,Abraham,Mason,12345760,ornare.lectus@random.pe,1992-3-23
84,Mason,Savage,12345761,a.feugiat@random.pe,1996-6-30
85,Shay,Boyer,12345762,mauris.ipsum@random.pe,1992-4-9
86,Price,Stephenson,12345763,ligula@random.pe,2005-12-9
87,Tate,Neal,12345764,sed.dolor.fusce@random.pe,2003-5-25
88,Tucker,Diaz,12345765,pede@random.pe,2003-6-23
89,Dylan,Barnes,12345766,pellentesque@random.pe,2002-3-15
90,Gail,Salas,12345767,et.commodo@random.pe,1994-2-9
91,Darius,Hodge,12345768,nulla.at@random.pe,2005-6-12
92,Bernard,Trevino,12345769,eleifend.cras@random.pe,1998-9-14
93,Shelly,Glass,12345770,lorem.auctor@random.pe,1991-6-2
94,Lenore,Abbott,12345771,tellus@random.pe,2002-10-31
95,Prescott,Acosta,12345772,velit.quisque.varius@random.pe,2004-6-6
96,Geoffrey,Fitzpatrick,12345773,ultricies.adipiscing.enim@random.pe,1993-10-8
97,Isaiah,Talley,12345774,nullam.velit@random.pe,2002-2-25
98,Axel,Watson,12345775,donec.feugiat@random.pe,2004-2-3
99,Quinn,Clayton,12345776,felis.donec.tempor@random.pe,1998-4-27
100,Emery,Joyner,12345777,lacus.cras@random.pe,2005-12-31
101,Claudia,Daniel,12345778,quis.diam.luctus@random.pe,2002-5-14
102,Maxwell,Davidson,12345779,vivamus@random.pe,1997-10-20
103,Todd,Savage,12345780,cras.pellentesque@random.pe,2002-2-27
104,Graiden,Leblanc,12345781,lacus.pede@random.pe,1991-8-22
105,Hall,Bryan,12345782,malesuada@random.pe,1991-7-23
106,Len,Whitley,12345783,risus.nunc@random.pe,1994-5-7
107,Lenore,Hyde,12345784,neque.in.ornare@random.pe,2001-4-21
108,Aphrodite,Olsen,12345785,elit@random.pe,1992-1-25
109,Cullen,Santana,12345786,scelerisque.sed@random.pe,1998-8-29
110,Melissa,Alford,12345787,pharetra.quisque.ac@random.pe,1995-6-14
111,Unity,Cook,12345788,a@random.pe,2003-4-29
112,Felix,Jennings,12345789,arcu@random.pe,1991-12-8
113,Gretchen,Parrish,12345790,duis@random.pe,1999-1-26
114,Olympia,Green,12345791,arcu@random.pe,1995-3-26
115,Darius,Silva,12345792,non.sollicitudin@random.pe,1999-4-6
116,Lillith,Hurst,12345793,dolor.tempus@random.pe,1997-1-26
117,Nero,Key,12345794,augue@random.pe,1994-4-19
118,Ciara,Spence,12345795,lorem.eu@random.pe,2005-7-8
119,Yeo,Wheeler,12345796,mollis.nec@random.pe,1998-9-26
120,Claire,Wise,12345797,lorem.donec.elementum@random.pe,2002-10-25
121,Jillian,Beck,12345798,pede.cras@random.pe,1991-12-30
122,Macon,Daniels,12345799,diam.dictum.sapien@random.pe,1997-2-14
123,Honorato,Berg,12345800,luctus.felis@random.pe,2001-9-30
124,Lila,Bowman,12345801,tincidunt.nibh.phasellus@random.pe,2005-7-25
125,Angelica,Reynolds,12345802,purus.maecenas@random.pe,2004-7-3
126,Kellie,O'brien,12345803,auctor.non@random.pe,1996-8-6
127,Mona,Jimenez,12345804,lacus@random.pe,2005-4-7
128,Chandler,Chapman,12345805,nascetur.ridiculus@random.pe,2004-8-29
129,Calvin,Mcguire,12345806,accumsan.laoreet@random.pe,1999-1-28
130,Hollee,Cannon,12345807,dui.semper.et@random.pe,2003-8-2
131,Gary,Knowles,12345808,nec.tempus@random.pe,1998-10-17
132,Yetta,Sampson,12345809,egestas.a@random.pe,1997-1-11
133,Amery,Kane,12345810,pharetra.felis@random.pe,2000-5-15
134,Grace,Silva,12345811,nisl@random.pe,2004-5-3
135,Reece,Foley,12345812,sapien@random.pe,1996-10-26
136,Cooper,Beck,12345813,libero.morbi@random.pe,2002-2-10
137,Aphrodite,Soto,12345814,sed.turpis.nec@random.pe,2000-11-20
138,Gwendolyn,Olson,12345815,nisl.elementum.purus@random.pe,1999-11-25
139,Dustin,Glover,12345816,donec@random.pe,2001-1-15
140,Xyla,Fischer,12345817,tempus.risus@random.pe,1993-4-1
141,Abigail,Barron,12345818,malesuada.fringilla.est@random.pe,1991-9-17
142,Vivian,Mercado,12345819,enim@random.pe,1996-7-24
143,Felicia,Farley,12345820,a.odio@random.pe,1998-12-6
144,Eaton,Rivers,12345821,in.cursus@random.pe,2000-1-22
145,Deborah,Morrison,12345822,etiam@random.pe,2005-10-11
146,Nicholas,Drake,12345823,in.nec@random.pe,1994-9-14
147,Wyoming,Colon,12345824,a@random.pe,1994-9-21
148,Shelley,Cook,12345825,primis.in@random.pe,1999-2-21
149,Kiayada,Drake,12345826,nullam.nisl@random.pe,1994-6-16
150,Naida,Carson,12345827,venenatis@random.pe,1999-10-28
151,Blaze,Richard,12345828,fringilla.porttitor@random.pe,1995-6-7
152,Cyrus,Deleon,12345829,morbi@random.pe,2000-9-2
153,Penelope,Brooks,12345830,arcu.iaculis@random.pe,2005-1-13
154,Sasha,Jacobson,12345831,ante.vivamus.non@random.pe,2000-3-17
155,Porter,Gutierrez,12345832,risus.morbi@random.pe,2000-5-5
156,Berk,Holt,12345833,dignissim.pharetra.nam@random.pe,1998-3-4
157,Yardley,Garrison,12345834,maecenas.iaculis@random.pe,2001-3-14
158,Ivan,Cash,12345835,vivamus@random.pe,1998-8-27
159,Channing,Franco,12345836,et.netus.et@random.pe,2000-4-8
160,Francesca,Powell,12345837,ac.fermentum.vel@random.pe,2001-8-28
161,Camden,Aguirre,12345838,iaculis.quis@random.pe,1994-7-26
162,Donovan,Gay,12345839,in.faucibus@random.pe,1995-5-28
163,Kibo,Rowland,12345840,adipiscing.elit@random.pe,1998-3-17
164,Ramona,Quinn,12345841,tempor.arcu.vestibulum@random.pe,1999-6-23
165,Neil,Bonner,12345842,donec.egestas@random.pe,1991-4-12
166,Miranda,Rogers,12345843,luctus.curabitur@random.pe,1994-9-23
167,Zena,Rios,12345844,erat@random.pe,2000-9-27
168,Sigourney,Gordon,12345845,mi.lacinia@random.pe,1994-9-24
169,Davis,Harrington,12345846,nunc.ac@random.pe,1994-11-11
170,Vera,Barron,12345847,ipsum.suspendisse@random.pe,1999-7-13
171,Galena,Duran,12345848,elit@random.pe,2003-4-20
172,Ella,Mcgowan,12345849,gravida@random.pe,2002-12-1
173,Barrett,Holmes,12345850,aliquam.ultrices@random.pe,1992-6-19
174,Candice,Fernandez,12345851,dolor.dolor@random.pe,1992-7-22
175,Holly,Perry,12345852,vulputate.ullamcorper@random.pe,2004-2-17
176,Ferdinand,Moon,12345853,sem.magna@random.pe,1996-6-25
177,Odysseus,Singleton,12345854,a.aliquet@random.pe,1999-9-4
178,Brennan,Trevino,12345855,nunc.in@random.pe,2003-1-26
179,Chaney,Howell,12345856,gravida.sit@random.pe,1998-6-16
180,Wing,Ellis,12345857,dictum.augue@random.pe,1998-4-28
181,Fulton,Tanner,12345858,quam.a@random.pe,1994-3-28
182,Maggy,Joyce,12345859,elit.sed.consequat@random.pe,2005-3-19
183,Ishmael,Fulton,12345860,egestas.a.scelerisque@random.pe,1991-6-27
184,Chester,Sykes,12345861,fames@random.pe,1999-3-20
185,Omar,Workman,12345862,laoreet@random.pe,1997-10-10
186,Angelica,Buchanan,12345863,fames@random.pe,1991-7-16
187,Wang,Avery,12345864,facilisis.lorem@random.pe,2001-1-9
188,Kyle,Fry,12345865,id.magna@random.pe,1993-3-31
189,Germane,Wiley,12345866,aliquam.fringilla@random.pe,1997-2-27
190,Dorian,Whitfield,12345867,sed.facilisis.vitae@random.pe,2001-3-9
191,Joshua,West,12345868,nonummy@random.pe,2004-2-2
192,Wilma,Riggs,12345869,pretium.neque@random.pe,1998-8-1
193,Astra,Weaver,12345870,nulla.vulputate.dui@random.pe,1999-5-29
194,Hashim,Decker,12345871,mauris@random.pe,2005-3-11
195,Genevieve,Sloan,12345872,nunc.lectus@random.pe,2005-12-29
196,Scarlett,Madden,12345873,sapien.cras.dolor@random.pe,2003-1-25
197,Keely,Cantrell,12345874,velit.dui.semper@random.pe,2001-2-10
198,Marcia,Craft,12345875,ornare.fusce@random.pe,2001-4-26
199,Davis,Alford,12345876,euismod@random.pe,1997-2-18
200,Travis,Booth,12345877,quisque.imperdiet@random.pe,1999-2-8
201,Flynn,Mccarty,12345878,ligula.aenean@random.pe,2003-4-20
202,Walker,Hebert,12345879,lacus@random.pe,1997-4-10
203,Emmanuel,Hartman,12345880,molestie@random.pe,2002-4-30
204,Hilda,Ingram,12345881,sit.amet@random.pe,1999-11-16
205,Upton,Byrd,12345882,nec@random.pe,2004-3-9
206,Hayfa,Hester,12345883,elit.pede.malesuada@random.pe,1993-4-6
207,Tanek,Mason,12345884,eget.volutpat@random.pe,1996-5-28
208,Adria,Roach,12345885,morbi.quis@random.pe,2002-3-25
209,Emily,Sellers,12345886,congue.a.aliquet@random.pe,2002-5-6
210,Halee,Riddle,12345887,blandit.at.nisi@random.pe,1994-6-5
211,Kenneth,Miranda,12345888,nec.euismod@random.pe,2001-4-3
212,Price,Henderson,12345889,scelerisque.mollis@random.pe,1994-12-1
213,Daria,Patton,12345890,mauris@random.pe,1993-4-30
214,Chiquita,Whitehead,12345891,arcu.et.pede@random.pe,2001-5-24
215,Malachi,Roth,12345892,cursus.non.egestas@random.pe,1998-5-14
216,Jesse,Peters,12345893,magna.sed@random.pe,2005-12-11
217,Vaughan,Solomon,12345894,massa@random.pe,1998-1-1
218,Kim,Moss,12345895,eget.varius@random.pe,1997-2-19
219,Jolene,Stanley,12345896,nibh.quisque@random.pe,1994-8-21
220,Rae,Wong,12345897,duis.mi@random.pe,2003-2-28
221,Barrett,Hardy,12345898,enim.etiam@random.pe,1998-3-19
222,Whitney,Wyatt,12345899,dictum.ultricies@random.pe,2001-5-25
223,Freya,Lowery,12345900,ligula@random.pe,1994-8-29
224,Madeline,Delacruz,12345901,faucibus.lectus.a@random.pe,2002-11-19
225,Roary,Stout,12345902,aliquam.rutrum@random.pe,1995-8-23
226,Malachi,Rich,12345903,augue.scelerisque.mollis@random.pe,2003-5-5
227,Matthew,Hardy,12345904,ridiculus.mus@random.pe,1996-10-1
228,Tyler,Duke,12345905,enim.gravida.sit@random.pe,1994-6-3
229,Dale,Griffin,12345906,tellus.phasellus@random.pe,1998-11-16
230,Bert,Barrera,12345907,et.tristique@random.pe,1992-1-11
231,Charde,Santiago,12345908,eu.enim@random.pe,1998-2-13
232,Liberty,Mccall,12345909,fusce.diam@random.pe,1993-9-1
233,Avram,Salas,12345910,elit.dictum@random.pe,1997-11-28
234,Nero,Stanton,12345911,parturient.montes.nascetur@random.pe,2004-6-7
235,Finn,Perkins,12345912,arcu.sed@random.pe,1993-9-15
236,Simone,Peck,12345913,at@random.pe,1992-8-7
237,Shay,Lawrence,12345914,magna.duis.dignissim@random.pe,2005-8-22
238,Ryan,Larson,12345915,arcu@random.pe,1993-9-9
239,William,Vaughan,12345916,pharetra.nam@random.pe,1992-10-13
240,Hilda,Townsend,12345917,rhoncus.donec@random.pe,1999-12-4
241,Abdul,Wall,12345918,dis.parturient.montes@random.pe,1993-11-14
242,Charity,Valdez,12345919,nascetur@random.pe,2005-12-27
243,Anne,Velazquez,12345920,dolor.egestas@random.pe,1997-12-25
244,Nina,Mcclure,12345921,molestie.orci@random.pe,2001-9-13
245,Arden,Sargent,12345922,eu.neque@random.pe,1991-8-31
246,Quinlan,Bates,12345923,elit.elit@random.pe,1992-3-28
247,Quemby,Bush,12345924,lobortis.risus@random.pe,1996-1-6
248,Nina,Bradford,12345925,a.auctor@random.pe,1997-7-28
249,Lee,Paul,12345926,velit.justo.nec@random.pe,1998-4-3
250,Louis,Faulkner,12345927,tristique.senectus.et@random.pe,1996-7-7
251,Breanna,Emerson,12345928,auctor@random.pe,1992-3-31
252,Zephr,Faulkner,12345929,tempus.non@random.pe,1997-1-25
253,Alexa,Gillespie,12345930,sodales.at@random.pe,1993-11-22
254,MacKensie,Conner,12345931,et@random.pe,1997-11-4
255,Ingrid,Solomon,12345932,semper.nam@random.pe,1993-1-9
256,Nell,Watts,12345933,ullamcorper.viverra.maecenas@random.pe,1991-1-7
257,Jael,Santiago,12345934,molestie.pharetra@random.pe,1998-7-29
258,Vance,Grant,12345935,malesuada.vel@random.pe,1997-7-26
259,Kai,Donaldson,12345936,varius@random.pe,1995-6-26
260,Julie,Pope,12345937,enim.condimentum@random.pe,1999-11-29
261,Arthur,Becker,12345938,felis.nulla@random.pe,1996-2-17
262,Dale,Kline,12345939,nunc@random.pe,2003-8-29
263,Aphrodite,Mccarthy,12345940,non.massa@random.pe,1992-10-10
264,Angelica,Bradshaw,12345941,sem@random.pe,1996-12-12
265,Glenna,Chavez,12345942,accumsan.laoreet.ipsum@random.pe,1997-7-23
266,Jared,Maynard,12345943,ligula.nullam@random.pe,2004-3-1
267,Elvis,Reilly,12345944,fermentum.risus@random.pe,2003-7-28
268,Camilla,Richardson,12345945,facilisis@random.pe,2003-5-9
269,Fulton,Mcknight,12345946,est@random.pe,1996-2-2
270,Inez,Mercado,12345947,dui.in@random.pe,1996-11-15
271,Cain,Jacobson,12345948,a.ultricies@random.pe,2004-12-6
272,Felicia,Schneider,12345949,eget@random.pe,1992-6-5
273,Erin,Hays,12345950,sollicitudin.a@random.pe,1991-2-19
274,Colt,Moran,12345951,libero.dui.nec@random.pe,1992-1-17
275,Stewart,Graves,12345952,arcu.eu@random.pe,2005-12-19
276,Shelly,Delaney,12345953,enim@random.pe,1993-6-6
277,Tanya,O'connor,12345954,faucibus@random.pe,1999-5-23
278,Daria,Hubbard,12345955,commodo.hendrerit@random.pe,2004-10-22
279,Tallulah,Zamora,12345956,sit@random.pe,1991-2-10
280,Candice,Huber,12345957,velit.sed@random.pe,2005-5-19
281,Haley,Sosa,12345958,amet.faucibus.ut@random.pe,2000-8-1
282,Lee,Parks,12345959,etiam.bibendum@random.pe,2001-3-24
283,Emma,Fernandez,12345960,pharetra.ut@random.pe,2004-11-5
284,Burke,Dawson,12345961,donec.nibh@random.pe,1997-4-8
285,Mia,Chan,12345962,lectus@random.pe,1998-2-9
286,Carson,Rocha,12345963,tempor@random.pe,1996-12-13
287,Cassidy,Mccray,12345964,dictum.placerat@random.pe,2000-8-14
288,Dacey,Montoya,12345965,elit@random.pe,2000-2-25
289,Nadine,Phillips,12345966,congue@random.pe,1991-10-19
290,Margaret,Hendrix,12345967,amet.ornare@random.pe,2005-4-3
291,Hollee,Carroll,12345968,non.sapien@random.pe,1992-12-8
292,Caryn,Pearson,12345969,neque.pellentesque@random.pe,1991-4-26
293,Kiona,Massey,12345970,fusce.aliquet@random.pe,1996-11-28
294,Deanna,Vance,12345971,tincidunt@random.pe,1994-3-23
295,Seth,Harrington,12345972,aenean@random.pe,1993-9-26
296,Jin,Andrews,12345973,id.erat@random.pe,1998-4-5
297,Marny,Cantu,12345974,nisl.arcu@random.pe,1992-8-5
298,Nicole,Sims,12345975,ligula.tortor.dictum@random.pe,2005-12-10
299,Sade,Steele,12345976,mauris@random.pe,2001-7-17
300,Wing,Whitfield,12345977,at.velit@random.pe,2002-8-4
301,Michelle,Brennan,12345978,volutpat.nunc@random.pe,1999-3-7
302,Bradley,Best,12345979,velit.cras.lorem@random.pe,1999-5-3
303,Cathleen,Roberson,12345980,nulla.magna.malesuada@random.pe,1993-1-18
304,Jael,Andrews,12345981,laoreet.lectus@random.pe,2001-12-15
305,Trevor,Wilkerson,12345982,ipsum.dolor@random.pe,1992-3-14
306,Blake,Farmer,12345983,penatibus.et.magnis@random.pe,1997-9-19
307,Oprah,Bridges,12345984,auctor@random.pe,1991-10-13
308,Rae,Galloway,12345985,vulputate@random.pe,1996-8-8
309,Emma,Holman,12345986,aliquet.molestie.tellus@random.pe,1998-5-27
310,Ivy,Morrow,12345987,at@random.pe,1991-1-27
311,Yetta,Simpson,12345988,fringilla@random.pe,1993-9-20
312,Lacy,Marks,12345989,ac.eleifend@random.pe,1998-3-21
313,Yuli,Osborne,12345990,luctus.felis@random.pe,1996-1-28
314,Ignatius,Battle,12345991,nisi@random.pe,1993-9-3
315,Lydia,Marsh,12345992,nec.luctus.felis@random.pe,2003-7-29
316,Zachery,Mclaughlin,12345993,suspendisse@random.pe,2001-10-28
317,Gay,Kirby,12345994,malesuada@random.pe,2005-10-26
318,Perry,Acevedo,12345995,egestas.aliquam@random.pe,2001-12-5
319,Inez,Suarez,12345996,integer.mollis@random.pe,2001-8-12
320,Salvador,Harmon,12345997,fusce.aliquam@random.pe,2001-5-11
321,Sheila,Joyner,12345998,et@random.pe,1993-3-30
322,Logan,Hammond,12345999,adipiscing.lacus@random.pe,2002-1-20
323,Alfonso,Cain,12346000,donec.at.arcu@random.pe,1993-12-29
324,Yuli,Cooke,12346001,sed.facilisis.vitae@random.pe,1992-8-30
325,Melodie,Yang,12346002,vel.arcu.eu@random.pe,1991-1-19
326,Althea,Griffith,12346003,sem@random.pe,1999-9-7
327,Abdul,Farrell,12346004,quis.arcu@random.pe,2004-11-17
328,Clark,Barrera,12346005,risus@random.pe,1999-1-27
329,Basil,Myers,12346006,libero.et@random.pe,2000-12-18
330,Fitzgerald,Mayer,12346007,risus.quis@random.pe,1994-4-28
331,Plato,Cobb,12346008,metus.aliquam@random.pe,2001-6-3
332,Tyrone,Adkins,12346009,erat@random.pe,1993-10-29
333,Ingrid,Young,12346010,est.ac@random.pe,1994-4-23
334,Tarik,Garrett,12346011,scelerisque.sed@random.pe,1995-6-24
335,Tyler,Parrish,12346012,cubilia.curae.phasellus@random.pe,1995-3-22
336,Murphy,Cain,12346013,cursus.luctus.ipsum@random.pe,1999-4-8
337,Karly,Roberts,12346014,rutrum@random.pe,1991-2-16
338,Michael,Jackson,12346015,massa.integer.vitae@random.pe,1994-10-25
339,Barrett,Orr,12346016,ac.feugiat.non@random.pe,1994-11-27
340,Daniel,Copeland,12346017,donec.porttitor@random.pe,2003-1-20
341,Rosalyn,Moreno,12346018,diam.nunc@random.pe,1992-5-5
342,Yoshi,Robertson,12346019,libero.et.tristique@random.pe,1995-9-7
343,Axel,Lyons,12346020,a.purus@random.pe,2003-10-24
344,Hashim,Tyson,12346021,morbi@random.pe,1999-8-16
345,Jackson,Pacheco,12346022,congue@random.pe,1993-9-11
346,Beatrice,Daugherty,12346023,nunc.quis@random.pe,2001-4-7
347,Jeanette,Acevedo,12346024,ullamcorper.eu.euismod@random.pe,1996-9-6
348,Ethan,Maldonado,12346025,sit.amet@random.pe,2002-2-19
349,Anastasia,Perez,12346026,neque.nullam@random.pe,1997-11-18
350,Mufutau,Cummings,12346027,vulputate.posuere@random.pe,2001-11-20
351,Erasmus,Browning,12346028,non.cursus.non@random.pe,1991-11-18
352,Evan,Phillips,12346029,mattis.integer@random.pe,2002-5-14
353,Randall,Tran,12346030,mauris@random.pe,1996-3-5
354,Kennan,Campbell,12346031,dolor.quam.elementum@random.pe,2001-8-17
355,Susan,Watkins,12346032,pellentesque.tincidunt.tempus@random.pe,1994-4-19
356,Wade,Gallagher,12346033,vel.nisl@random.pe,2005-10-12
357,Rudyard,Kramer,12346034,proin@random.pe,2004-5-15
358,Dora,Riddle,12346035,consectetuer.euismod.est@random.pe,1995-1-29
359,Keaton,Waller,12346036,rhoncus@random.pe,2000-10-29
360,Hoyt,Jarvis,12346037,mollis@random.pe,2003-3-24
361,Stone,Moon,12346038,sem.pellentesque@random.pe,1997-2-6
362,Vanna,White,12346039,ligula.eu.enim@random.pe,1999-7-26
363,Murphy,Sexton,12346040,et.netus.et@random.pe,1996-10-24
364,Price,Wilcox,12346041,placerat@random.pe,1994-7-9
365,Wylie,Osborn,12346042,lorem.eu.metus@random.pe,1991-2-1
366,Reed,Hess,12346043,facilisis.non@random.pe,1996-11-14
367,Ima,Newman,12346044,lobortis@random.pe,1996-12-24
368,Adam,Barron,12346045,est.mauris@random.pe,2000-12-1
369,Keith,Benton,12346046,sagittis.felis.donec@random.pe,2000-12-9
370,Tashya,Gay,12346047,parturient@random.pe,1994-5-4
371,Wynter,Phillips,12346048,mus.aenean.eget@random.pe,1997-6-8
372,Desiree,Mcmahon,12346049,rutrum.fusce@random.pe,2005-8-30
373,Abraham,Snyder,12346050,vivamus.euismod@random.pe,1998-4-10
374,Nicholas,Cohen,12346051,feugiat.lorem@random.pe,1994-9-9
375,Trevor,Keith,12346052,eu.placerat@random.pe,1997-1-22
376,Rylee,Floyd,12346053,egestas@random.pe,2005-7-16
377,Flavia,Cooke,12346054,amet.consectetuer@random.pe,2001-12-27
378,Hayley,Barlow,12346055,in.aliquet@random.pe,1993-11-15
379,Ignatius,Barrera,12346056,at.velit.cras@random.pe,2002-4-16
380,Harrison,Miller,12346057,risus@random.pe,1996-6-5
381,Maxine,Duffy,12346058,sed.eget@random.pe,2004-1-4
382,Jameson,Tanner,12346059,sed.eu@random.pe,2000-4-16
383,Kim,Duffy,12346060,blandit@random.pe,1998-9-13
384,Alfonso,Wiley,12346061,malesuada.integer@random.pe,2003-5-26
385,Perry,Melton,12346062,etiam@random.pe,1991-7-11
386,Dieter,Pearson,12346063,libero.et@random.pe,1994-5-10
387,Camille,Strickland,12346064,vivamus@random.pe,2003-9-28
388,Grace,Dean,12346065,pede.praesent@random.pe,2002-11-11
389,Leslie,Sutton,12346066,nisl.sem@random.pe,2000-2-22
390,Lionel,Donovan,12346067,vitae@random.pe,2004-2-29
391,Wang,Tanner,12346068,vitae.mauris@random.pe,1999-3-30
392,Zorita,Pierce,12346069,ante.bibendum.ullamcorper@random.pe,1991-12-15
393,Blake,Mcmillan,12346070,eu.euismod@random.pe,1993-8-12
394,Vladimir,Velasquez,12346071,posuere.cubilia.curae@random.pe,2001-4-2
395,Cruz,Ingram,12346072,quisque@random.pe,2002-6-1
396,Ivan,Browning,12346073,lacus.pede.sagittis@random.pe,1992-5-11
397,Ray,Rivera,12346074,mi@random.pe,1999-6-27
398,Austin,Davenport,12346075,morbi.tristique.senectus@random.pe,1999-11-8
399,Jordan,Thomas,12346076,tincidunt.tempus@random.pe,2000-5-24
400,Barrett,Jefferson,12346077,erat.etiam@random.pe,1994-6-20
401,Chaney,Malone,12346078,gravida.non@random.pe,2002-7-31
402,Quamar,Downs,12346079,maecenas.malesuada@random.pe,1994-12-20
403,Zephania,Carson,12346080,tincidunt.pede@random.pe,1996-5-6
404,Cairo,Baxter,12346081,ornare.lectus@random.pe,2005-2-18
405,Nicholas,Salinas,12346082,lorem.sit@random.pe,1995-6-28
406,Roary,Roberson,12346083,augue@random.pe,2005-6-9
407,Craig,Pratt,12346084,sapien.cursus.in@random.pe,1999-11-8
408,Veda,Newman,12346085,lacus.etiam@random.pe,1992-12-8
409,Tana,Cantu,12346086,ligula@random.pe,2005-11-6
410,Hayley,Gutierrez,12346087,imperdiet.dictum@random.pe,2000-4-5
411,Rahim,Graham,12346088,urna.nullam@random.pe,1991-11-24
412,Nayda,Johnson,12346089,mi@random.pe,2004-6-7
413,Conan,Hinton,12346090,blandit.mattis@random.pe,2004-11-26
414,Pandora,Slater,12346091,lacinia@random.pe,2003-8-26
415,Cruz,Mosley,12346092,vitae.erat@random.pe,2004-10-16
416,Russell,Hunt,12346093,at.fringilla.purus@random.pe,1994-4-4
417,Brandon,Riggs,12346094,vestibulum.accumsan@random.pe,1992-7-21
418,Ciara,Caldwell,12346095,ut.nec@random.pe,1996-6-9
419,Davis,Maddox,12346096,non@random.pe,1994-11-18
420,Jelani,Goodman,12346097,eu@random.pe,1995-3-2
421,Baxter,Colon,12346098,ultricies@random.pe,1999-12-29
422,Adara,Goodman,12346099,enim.gravida@random.pe,1991-2-21
423,Cody,Day,12346100,erat@random.pe,1998-4-24
424,Joshua,Hubbard,12346101,sem.vitae@random.pe,2002-11-19
425,Derek,Quinn,12346102,ut@random.pe,1997-3-17
426,Maxwell,Durham,12346103,pharetra.felis@random.pe,1998-9-10
427,Elton,Woods,12346104,a.mi.fringilla@random.pe,2005-3-15
428,Kimberly,Lowe,12346105,egestas.aliquam@random.pe,2004-10-28
429,Leila,Whitaker,12346106,nulla.facilisi@random.pe,2005-4-16
430,Kadeem,Nielsen,12346107,mi.duis@random.pe,1992-7-16
431,Lenore,Prince,12346108,nam@random.pe,2004-1-9
432,Raymond,Velazquez,12346109,elit.nulla@random.pe,1994-10-9
433,Clayton,Whitehead,12346110,nunc@random.pe,1999-1-12
434,Emi,Sharp,12346111,dignissim.tempor@random.pe,1991-3-14
435,Barry,Kinney,12346112,enim.condimentum@random.pe,1993-7-1
436,Sean,Erickson,12346113,massa.lobortis.ultrices@random.pe,1992-9-23
437,Ahmed,Mendoza,12346114,tristique.pellentesque@random.pe,1998-11-22
438,Inga,Mccormick,12346115,nec.imperdiet@random.pe,1998-1-19
439,William,Crosby,12346116,quisque.varius.nam@random.pe,1997-5-29
440,Keelie,Knowles,12346117,mi.tempor@random.pe,1993-8-22
441,Summer,Hendricks,12346118,vivamus@random.pe,1998-4-17
442,Nigel,Mcmillan,12346119,tincidunt.nibh@random.pe,2005-9-8
443,Caryn,Thompson,12346120,augue.ac@random.pe,1992-8-9
444,Dillon,Parrish,12346121,mauris.vestibulum@random.pe,2002-2-11
445,Cadman,Bradford,12346122,accumsan@random.pe,1999-1-1
446,Tanner,Farmer,12346123,interdum.nunc@random.pe,2003-3-10
447,Elliott,Boyle,12346124,mauris.ut.mi@random.pe,1993-10-16
448,Uriel,Pruitt,12346125,non.bibendum.sed@random.pe,1997-7-22
449,Silas,Floyd,12346126,accumsan.neque.et@random.pe,1998-1-24
450,Ignacia,Pace,12346127,non.lacinia@random.pe,2004-8-21
451,Juliet,Whitehead,12346128,ut.tincidunt@random.pe,2005-2-27
452,Germane,Bonner,12346129,eget.volutpat.ornare@random.pe,2005-12-22
453,Rebecca,Chang,12346130,mauris.eu.turpis@random.pe,1992-2-7
454,Haviva,Odom,12346131,ultrices.iaculis.odio@random.pe,1995-4-19
455,Xyla,Robles,12346132,ipsum.curabitur.consequat@random.pe,1994-1-23
456,Marah,Montoya,12346133,nisl.quisque@random.pe,1991-8-8
457,Odysseus,Hoover,12346134,parturient.montes.nascetur@random.pe,1991-3-8
458,Bruno,Hess,12346135,convallis@random.pe,1994-2-17
459,Madison,Brock,12346136,vitae.odio@random.pe,1996-10-15
460,Daryl,England,12346137,nonummy.ut@random.pe,2003-12-7
461,Cyrus,Miranda,12346138,imperdiet@random.pe,1995-12-13
462,Alan,Kinney,12346139,dictum.placerat@random.pe,1998-4-13
463,Tashya,Reynolds,12346140,sit.amet@random.pe,1994-10-4
464,Lester,Dickson,12346141,etiam.imperdiet@random.pe,1995-6-19
465,Amaya,Koch,12346142,curabitur@random.pe,2001-4-3
466,Thaddeus,Wagner,12346143,lectus.ante@random.pe,1999-9-1
467,Honorato,Charles,12346144,eleifend.vitae@random.pe,1995-9-11
468,Indira,Wiley,12346145,vel@random.pe,1999-12-19
469,Barry,Mays,12346146,et@random.pe,1998-1-21
470,Richard,Norton,12346147,sed@random.pe,1997-7-17
471,Derek,Vang,12346148,ac.facilisis.facilisis@random.pe,1997-6-16
472,Acton,Cortez,12346149,cursus.diam.at@random.pe,1998-8-15
473,Jeremy,Bradshaw,12346150,facilisis.eget@random.pe,1992-4-16
474,Abdul,Hickman,12346151,enim@random.pe,2001-7-28
475,Channing,Vincent,12346152,purus@random.pe,1997-5-7
476,Evan,Solis,12346153,curabitur.egestas@random.pe,1996-9-10
477,Cleo,Ramos,12346154,sed.eu@random.pe,1996-6-30
478,Kato,Rodriquez,12346155,ornare.facilisis@random.pe,1994-3-20
479,Amanda,Randolph,12346156,vulputate.lacus@random.pe,1993-9-22
480,Madonna,Patton,12346157,nisl.elementum@random.pe,2001-7-28
481,Keaton,Mueller,12346158,proin.sed.turpis@random.pe,2001-8-21
482,Chiquita,Wagner,12346159,inceptos.hymenaeos.mauris@random.pe,2001-11-6
483,Jennifer,Barker,12346160,nulla@random.pe,1995-1-31
484,Kylynn,Bryan,12346161,ipsum.donec@random.pe,2002-11-29
485,Wayne,Matthews,12346162,vel.est.tempor@random.pe,1991-1-9
486,Kathleen,Park,12346163,diam.proin@random.pe,1992-3-23
487,Cameron,York,12346164,erat.nonummy@random.pe,1992-4-13
488,Maxwell,Stevens,12346165,adipiscing@random.pe,1994-8-8
489,Lael,Chen,12346166,fringilla.purus@random.pe,1993-7-7
490,Lucas,Barrera,12346167,nibh@random.pe,1992-2-8
491,Colby,Gordon,12346168,sit.amet@random.pe,1994-3-9
492,Nasim,Morris,12346169,et.arcu@random.pe,1996-8-17
493,Slade,Kramer,12346170,sit@random.pe,2000-3-20
494,Hoyt,Cohen,12346171,urna@random.pe,1996-11-8
495,Keely,Melendez,12346172,eu.sem@random.pe,2003-9-17
496,Jacob,Sharp,12346173,netus.et.malesuada@random.pe,2002-3-24
497,Rosalyn,Berger,12346174,massa.suspendisse.eleifend@random.pe,1997-4-10
498,Kaseem,Hardy,12346175,vitae.aliquam@random.pe,2003-1-23
499,Cassidy,Coffey,12346176,magna@random.pe,1991-2-14
500,Elton,Love,12346177,consectetuer.adipiscing.elit@random.pe,2001-2-21
